{"cameraMode":{"drawMode":0,"name":"Shaded","section":"Shading Mode"},"sceneLighting":false,"audioPlay":false,"sceneViewState":{"m_AlwaysRefresh":false,"showFog":true,"showSkybox":false,"showFlares":true,"showImageEffects":true,"showParticleSystems":true,"showVisualEffectGraphs":true,"m_FxEnabled":true},"in2DMode":false,"pivot":{"x":-3.0832180976867677,"y":0.34243419766426089,"z":-0.7528780698776245},"rotation":{"x":0.010960932821035385,"y":-0.8861913084983826,"z":-0.02099919132888317,"w":-0.46272313594818118},"size":0.14730703830718995,"orthographic":false}