{"cameraMode":{"drawMode":0,"name":"Shaded","section":"Shading Mode"},"sceneLighting":false,"audioPlay":false,"sceneViewState":{"m_AlwaysRefresh":false,"showFog":true,"showSkybox":false,"showFlares":true,"showImageEffects":true,"showParticleSystems":true,"showVisualEffectGraphs":true,"m_FxEnabled":true},"in2DMode":false,"pivot":{"x":-2.7799999713897707,"y":0.5799999833106995,"z":-0.9879999756813049},"rotation":{"x":-0.17707394063472749,"y":-0.6862951517105103,"z":0.1780267357826233,"w":-0.6826128959655762},"size":0.14730703830718995,"orthographic":false}