{"cameraMode":{"drawMode":0,"name":"Shaded","section":"Shading Mode"},"sceneLighting":false,"audioPlay":false,"sceneViewState":{"m_AlwaysRefresh":false,"showFog":true,"showSkybox":false,"showFlares":true,"showImageEffects":true,"showParticleSystems":true,"showVisualEffectGraphs":true,"m_FxEnabled":true},"in2DMode":false,"pivot":{"x":-0.030287235975265504,"y":-0.18904486298561097,"z":0.060664162039756778},"rotation":{"x":0.11112423986196518,"y":0.1587919294834137,"z":-0.017989790067076684,"w":0.9808750152587891},"size":1.0504626035690308,"orthographic":false}